8.421768707483030525e+00,9.894554575757585901e-01
-5.357706093189890773e+00,9.793158679083294738e-01
8.892193308550279340e+00,9.715122070405491916e-01
-5.023728813559232620e+00,9.523692610305795059e-01
-1.205460750853211138e+00,9.399739703614417019e-01
1.024635761589410876e+01,9.322973172600906855e-01
-5.076923076923071321e+00,9.225589245386891513e-01
-5.094949494949471358e+00,9.098234354135336099e-01
6.021201413428474147e-01,9.027540655289342242e-01
-4.931543624161019324e+00,8.926098600784946324e-01
-5.373476702508948932e+00,8.826679113840678603e-01
-5.223255813953489479e+00,8.744967460584195384e-01
1.491970802919978745e+00,8.574368984075403377e-01
-5.056055363321735996e+00,8.423930439871086806e-01
5.646715328467251105e+00,8.366839188526846716e-01
1.785882352941180784e+01,8.305980623509967575e-01
-1.037681159420240862e+00,8.251338935195393631e-01
-5.102702702702648807e+00,8.143945985111477048e-01
1.046153846153856470e+01,8.087134594457368042e-01
-6.597402597402433067e-01,8.066134306684747957e-01
-5.298113207547132220e+00,7.998659196930867354e-01
1.020709219858157368e+01,7.941272820223784779e-01
-5.076729559748411447e+00,7.900083327548876877e-01
-1.312280701754290346e+00,7.828515120046595221e-01
1.122935779816534918e+00,7.777014484234282543e-01
9.342322097378536583e+00,7.629112810734350880e-01
-5.012658227848088899e+00,7.583472908470061391e-01
-4.604316546761595408e-01,7.440740042740590088e-01
1.301224489795924200e+01,7.408071077509099656e-01
7.108013937282338546e+00,7.261374180074646745e-01
4.373770491803485427e+00,7.151115273690920038e-01
4.628571428571488511e+00,7.121142078629105754e-01
4.071197411003366184e+00,7.053808204465991105e-01
7.853521126760650617e+00,6.993402550206193613e-01
-5.308591065292081801e+00,6.936288282078754142e-01
4.763157894736860243e+00,6.870702290788655020e-01
4.992907801419803615e-01,6.792817179026335861e-01
-5.342465753424653130e+00,6.742059092999838077e-01
-3.909971509971491788e+00,6.687666282948659946e-01
2.143878326996170358e+01,6.615824538699992541e-01
4.584210526315896317e+00,6.563762836218054453e-01
6.704950495049656567e+00,6.493901505432839727e-01
-1.617266187050308002e+00,6.456344020792610383e-01
-3.693768545994040586e+00,6.407459358985343467e-01
8.196825396825630605e+00,6.300707927029673971e-01
1.343401360544215706e+01,6.188923124664429398e-01
1.327017543859654047e+01,6.166065279284097533e-01
4.140350877193614831e-01,6.096777490502739427e-01
-5.139483394833845864e+00,6.010810760110228967e-01
9.304964539007537505e-01,5.985617039061533751e-01
5.605405405405496921e+00,5.948619175395044589e-01
1.240433212996421730e+00,5.929020108394151833e-01
7.857249070632057908e+00,5.891193662095384198e-01
-2.915254237287232542e-01,5.846003417079073117e-01
8.469750889679758643e+00,5.816844899088381426e-01
7.501298701298793503e+00,5.757235929342190417e-01
7.552447552452545843e-02,5.722221940687893804e-01
-9.931972789115250944e-01,5.696528510838874126e-01
-1.990909090909070533e+00,5.653396845482913102e-01
2.301886792452890074e+00,5.616767110083582537e-01
-1.786941580752210434e-02,5.592665661669969923e-01
1.829508196721294411e+01,5.531480415910842163e-01
1.289510489510510283e+00,5.518771995808344766e-01
-2.116129032258039278e+00,5.467136026493338852e-01
1.135231316725982254e+01,5.453484575267686374e-01
-5.207038123167149202e+00,5.410569638544893145e-01
5.162589928057651711e+00,5.354588521610382790e-01
-5.220143884892081587e+00,5.314045878877432516e-01
2.075704697986577330e+01,5.297067263394017456e-01
1.251596091205217576e+01,5.274865127885817184e-01
1.223003663003671271e+01,5.242784791070117523e-01
1.237222222222233370e+01,5.172996610525147920e-01
1.197202797202803026e+01,5.152344922394646032e-01
1.292753623188440670e+00,5.135369360441812692e-01
9.145907473309707214e+00,5.096996250595732247e-01
3.811764705882416671e+00,5.064478017998547132e-01
8.822598870056619802e+00,5.015086079601510649e-01
1.117202797202802245e+01,4.994065840441234694e-01
1.096208178438655700e+01,4.938441599008487892e-01
1.740606060606015859e+01,4.885390767323374295e-01
1.058723404255319700e+01,4.861995914445338407e-01
1.068960573476707943e+01,4.844523325041568129e-01
2.171043771043783099e+00,4.794398875146483330e-01
4.201273885350371273e+00,4.750015449238888521e-01
-2.307395498392255551e+00,4.724433220864766581e-01
-5.272473867595785180e+00,4.673213989700374937e-01
7.661538461538638600e+00,4.579757482893997977e-01
-7.190476190475827423e-01,4.561930322896899925e-01
4.482758620689761386e+00,4.527842131550984806e-01
6.228571428571482826e+00,4.510668124017802594e-01
1.940876494023898502e+01,4.478754213070608170e-01
1.304788732394370321e+01,4.465783993240074468e-01
1.465454545454547386e+01,4.453742038305559259e-01
1.164864864864869354e+01,4.440400167898517769e-01
1.517122302158278835e+01,4.417368868718928865e-01
1.342702702702707285e+01,4.402374569591576692e-01
1.210592334494776523e+01,4.392699508247294715e-01
9.868531468531529072e+00,4.369041681614986294e-01
-4.211920529801189139e-01,4.343338948162087099e-01
1.185074626865678304e+01,4.323836860383629133e-01
1.504788732394366946e+01,4.313471576961591669e-01
1.445498281786943906e+01,4.303131141632551837e-01
1.582631578947367146e+01,4.295392085858221187e-01
3.143197026022268403e+01,4.253500751639407995e-01
8.805633802816933198e+00,4.244152869025258346e-01
1.022702702702708599e+01,4.226363920456151502e-01
1.194397394136810497e+01,4.218341051995881386e-01
1.605581395348836793e+01,4.210754488723223443e-01
9.564071856287453599e+00,4.201920741283549643e-01
1.046688963210705658e+01,4.191847720305493241e-01
-1.765124555160115127e+00,4.175112984459317111e-01
1.510623145400595568e+01,4.163022092517151274e-01
1.070231023102314616e+01,4.150136063383387808e-01
1.108993288590608373e+01,4.137289921077783039e-01
1.877697841726616801e+01,4.126959098634317424e-01
1.502310231023125109e+00,4.104732474051687174e-01
1.022652329749109867e+01,4.074875544508747005e-01
8.800000000000041567e+00,4.063481282672729566e-01
7.157088122605406610e+00,4.051308498481685505e-01
8.631884057971058510e+00,4.023449301625063312e-01
1.367659574468087591e+01,4.015811624153118320e-01
9.200000000000038369e+00,3.994982564728837837e-01
1.567017543859648754e+01,3.982616677502223701e-01
2.296703296703297070e+01,3.972672074503519890e-01
1.083501683501685697e+01,3.966717235890419024e-01
1.330375426621165857e+01,3.952857301590950168e-01
1.269830508474583652e+01,3.931961535782136363e-01
1.017777777777783932e+01,3.914698049359263132e-01
1.068396946564888594e+01,3.906485399117307078e-01
1.256149068322989137e+01,3.885446182995092035e-01
1.062631578947372546e+01,3.873419349699697145e-01
1.153898305084748799e+01,3.864906768766823708e-01
1.058181818181820866e+01,3.857570051153144108e-01
1.535081967213115739e+01,3.850247260764250723e-01
1.431864406779664201e+01,3.837945547672829694e-01
2.702310231023168807e+00,3.818420879356037578e-01
7.426315789473736828e+00,3.803557297560104522e-01
1.917894736842096748e+01,3.791783939394073877e-01
1.863703703703705727e+01,3.774380920739178191e-01
8.674564459930380167e+00,3.756306402128102850e-01
6.422608695652215260e+01,3.724884015999128106e-01
1.602230483271375761e+01,3.715582972048655508e-01
1.360141342756186411e+01,3.708529714449685377e-01
-5.063157894736816544e+00,3.685606818467044299e-01
1.490786516853939325e+01,3.668324248133527088e-01
-5.333333333333310833e+00,3.639093272384478217e-01
1.494252873563241657e+00,3.630006448118022755e-01
1.484864864864865552e+01,3.622028813659501911e-01
1.383157894736855198e+01,3.587063243049287697e-01
3.852014652014688956e+00,3.577390752399170482e-01
6.877815699658750503e+00,3.565247671612611358e-01
-2.802431610942233142e+00,3.549239302504517690e-01
7.030618892508220696e+00,3.523775286771074211e-01
8.250746268656788729e+00,3.504797238154471195e-01
6.522118380062368104e+00,3.488711392364700625e-01
7.442424242424301895e+00,3.474088802310472124e-01
1.449006622516560583e+01,3.463681634094547546e-01
1.519024390243903788e+01,3.455723923319549695e-01
1.469140893470794751e+01,3.444682730027617823e-01
1.019726027397266499e+01,3.429901657305199913e-01
1.037402597402603099e+01,3.416550425095312704e-01
2.533333333333365633e+00,3.407337721052132729e-01
2.214485049833884389e+01,3.395092747175657011e-01
1.734598540145991308e+01,3.375794804990556730e-01
1.041088435374155274e+01,3.361645493686500341e-01
1.309781021897813424e+01,3.354257633827004703e-01
1.420645161290326719e+01,3.344543892726406509e-01
1.280736196319023534e+01,3.332191329020613990e-01
6.289967637540522460e+00,3.315902716756690127e-01
1.129014084507032223e+01,3.299033821689982826e-01
3.925925925926003313e+00,3.280938039885191171e-01
3.821453287197303261e+00,3.264247019598165989e-01
9.375851393188888494e+00,3.256747504219958400e-01
1.335099337748469228e+00,3.225630771621451065e-01
1.536917562724047226e+00,3.215324736293355135e-01
2.410884353741559849e+00,3.195450403294675112e-01
1.374603174603180378e+01,3.181102466142971541e-01
1.463749999999999929e+01,3.174111384167584426e-01
1.337142857142862518e+01,3.162072048157389403e-01
1.733977695167284949e+01,3.152284314239556795e-01
1.230231023102314047e+01,3.143784201894151420e-01
2.841379310344869680e+00,3.132486362179692785e-01
2.463388704318938949e+01,3.112812751348819629e-01
4.533333333333372295e+00,3.090479877704692124e-01
-1.005555555555455394e+00,3.060339596476421287e-01
-2.647686832740178353e+00,3.042031622332664886e-01
-6.101694915249322726e-02,3.026555983687597151e-01
1.384657534246581889e+01,3.011159073807118114e-01
4.842424242424351988e+00,2.977918373228600202e-01
1.592222222222227224e+01,2.963954299938166281e-01
8.981818181818210789e+00,2.957144698606147815e-01
1.510303030303034255e+01,2.945928312554017547e-01
1.020952380952385496e+01,2.935928665334386900e-01
2.637241379310331268e+01,2.914864846483516403e-01
3.551515151515191260e+00,2.906423562135995176e-01
3.448205128205121639e+01,2.894241574148659346e-01
1.713684210526308860e+01,2.838631667352731203e-01
1.572347266881030059e+01,2.831543597554088687e-01
1.889411764705880259e+01,2.819957457306014881e-01
1.012744479495271221e+01,2.813760060660995821e-01
9.381229773462807842e+00,2.808980493358867458e-01
3.398540145985438077e+00,2.801125956727257282e-01
4.800588235294092954e+01,2.780751176918924150e-01
9.930627306272965527e+00,2.744284646645453463e-01
5.185185185185662293e-01,2.731962495253010270e-01
4.124379562043783665e+01,2.717792455797902740e-01
3.933706293706292456e+01,2.701803893508457621e-01
1.619999999999999929e+01,2.695866161950931095e-01
2.206925795052999106e+01,2.684566704560000794e-01
1.042846975088975725e+01,2.670108394001741714e-01
1.841269841269896013e+00,2.658119302452746080e-01
-1.741935483870874490e+00,2.635619921235897167e-01
4.454982817869485245e+00,2.622736330009248218e-01
1.276124567474051297e+01,2.617495837559608018e-01
5.070270270270325952e+00,2.607567732310733244e-01
7.676595744680897226e+00,2.598716614884254983e-01
3.713954983922813113e+01,2.576977739464934025e-01
2.097588652482276927e+01,2.547256030782641956e-01
1.149268292682929271e+01,2.542929158066986051e-01
1.086753246753236368e+01,2.529233666935201685e-01
-5.315789473684049415e-01,2.522665872838359413e-01
8.481927710843637502e-01,2.515611935812320232e-01
2.638709677419351607e+01,2.501813361091230759e-01
2.118688524590161393e+01,2.494568250570626256e-01
9.562913907285187642e-01,2.484857896366782504e-01
9.457044673539828361e-01,2.476918663677610821e-01
5.089932885906106819e+00,2.465550436373624421e-01
1.446753246753251432e+01,2.454479833409809741e-01
6.467080745341682757e+00,2.435651977558956349e-01
3.562162162162283874e+00,2.415277176165946948e-01
2.759322033898337079e+00,2.408764398352739311e-01
2.933333333333365989e+00,2.402509433142129558e-01
-3.148717948717899784e+00,2.381459055109105549e-01
-8.953736654803087225e-01,2.355640825461264021e-01
9.283660130719066927e+00,2.336168953060788478e-01
2.571428571428566912e+01,2.330335533814761884e-01
2.265454545454540991e+01,2.317089745333474893e-01
1.186013986014019306e+00,2.309686539429108287e-01
2.058156996587008081e+01,2.294033170055966298e-01
1.313898305084748230e+01,2.289907418349386714e-01
0.000000000000000000e+00,2.289907418349386714e-01
5.660649819494640411e+00,2.280765627350481162e-01
1.913239436619717537e+01,2.269616655607696876e-01
1.077260273972607507e+01,2.262138891846387223e-01
2.228913857677897070e+01,2.247257194686792248e-01
2.673684210526434235e+00,2.226676217098102206e-01
6.391167192429065835e+00,2.214462505704903050e-01
3.728853754940696774e+01,2.202315788670761443e-01
1.701176470588233514e+01,2.195498840601816659e-01
1.676470588235294201e+01,2.184548198278345177e-01
1.615434083601291348e+01,2.175827023397793325e-01
1.996129032258060221e+01,2.162161720777342755e-01
8.115415019762901139e+00,2.153745291942438245e-01
2.212054794520546253e+01,2.141717426362261534e-01
2.260068728522331583e+01,2.133593938363863296e-01
3.684106463878307380e+01,2.116804113877650273e-01
3.968622754491012472e+01,2.107720944831749377e-01
9.275816993464095717e+00,2.100566505330989375e-01
5.439999999999949409e+01,2.076754840946805625e-01
6.216216216216244206e+00,2.071569179335051580e-01
2.587796610169489497e+01,2.063918153939827693e-01
1.881033210332097738e+01,2.056501036545788919e-01
-5.062576687116550289e+00,2.046039058872332062e-01
6.041025641025708381e+00,2.036037491250279330e-01
2.967898089171970355e+01,2.017189180650499902e-01
0.000000000000000000e+00,2.017189180650499902e-01
2.312727272727268968e+01,2.012353489978429555e-01
1.533529411764706119e+01,2.007127905824216685e-01
1.049006622516561826e+01,1.999115029986493486e-01
4.025505226480807153e+01,1.981004704644976355e-01
6.642253521126762372e+00,1.980806604174511765e-01
1.377291066282422882e+01,1.977639689466866579e-01
2.340212014134270291e+01,1.973490796533257652e-01
1.668960573476702436e+01,1.969350607567648959e-01
1.054796238244521156e+01,1.959136054527970128e-01
4.476756756756748246e+01,1.948000189581576558e-01
2.809616724738670257e+01,1.939641355191839556e-01
2.213584905660369984e+01,1.932091108938594759e-01
1.326688963210704664e+01,1.928809180383945776e-01
2.277410071942443537e+01,1.924185357962500675e-01
0.000000000000000000e+00,1.924185357962500675e-01
1.182950819672136333e+01,1.917270399314235374e-01
1.507878787878793148e+01,1.906372501650039908e-01
9.015384615384668621e+00,1.898951757707173782e-01
1.355031055900626313e+01,1.892127481228165486e-01
1.807075812274365845e+01,1.888724545173603719e-01
1.381316614420067523e+01,1.881937022301239382e-01
1.050847457627125614e+01,1.872550354075592782e-01
4.579534883720888416e+01,1.855957772798309535e-01
7.787341772151938457e+00,1.850768100478537015e-01
-1.690721649484523192e+00,1.845223839509289865e-01
4.255252918287991903e+00,1.838224945290050649e-01
1.961370716510896628e+01,1.827228069385323506e-01
1.418064516129034480e+01,1.823394725189440568e-01
7.308038585209050808e+00,1.816478628329931677e-01
1.109090909090915567e+01,1.808322431892079030e-01
1.426835443037982820e+01,1.793374727101037513e-01
1.547456445993033114e+01,1.787823596583925922e-01
1.044556962025323266e+01,1.778372725901937734e-01
1.016111111111113807e+01,1.775174374454976667e-01
1.447781569965871640e+01,1.772513476018925394e-01
3.204745762711859669e+01,1.764201794842594206e-01
1.857328990228005594e+01,1.758037574023856575e-01
6.105019305019350639e+00,1.752245322883305423e-01
1.429724770642208043e+01,1.742459685145182346e-01
1.516426116838491645e+01,1.734115503498027122e-01
1.006153846153849152e+01,1.730477500277903258e-01
2.040526315789470857e+01,1.726501777072196320e-01
6.866449511401042649e-01,1.719781197755474722e-01
2.763076923076920721e+01,1.710518946753417646e-01
1.734275618374591321e+00,1.705224284248180733e-01
1.470555555555557881e+01,1.701136448935446910e-01
7.926575342465761764e+01,1.695531671379967853e-01
2.174035087719267523e+01,1.681011897527446286e-01
1.414603174603180236e+01,1.673631325310356854e-01
4.484383561643822702e+01,1.666616464515196516e-01
4.334982332155549400e+00,1.658137935240414362e-01
8.554838709677456521e+00,1.653666778032273910e-01
4.858625954198448937e+01,1.637539191469646604e-01
1.589149797570849643e+01,1.634103795822914873e-01
3.364755244755244235e+01,1.626441146176709207e-01
6.527444794952725005e+00,1.621406734269153771e-01
2.136149068322978906e+01,1.616226266860545380e-01
2.490786516853927779e+01,1.612674300068322464e-01
7.576797153024911324e+01,1.607360981006245582e-01
3.014559386973171584e+01,1.602545883562011275e-01
2.366153846153843077e+01,1.596627124307212764e-01
2.663157894736821163e+01,1.586282188210696720e-01
6.577777777777846779e+00,1.577896714467893480e-01
2.072727272727268755e+01,1.573169881773259504e-01
1.357697841726623800e+01,1.567202882347133730e-01
-2.643609022556339561e+00,1.557360049518689282e-01
1.264229390681002130e+01,1.548353056405201433e-01
4.369822064056926791e+01,1.541863287130340598e-01
1.433865814696465968e+01,1.532639345700282374e-01
7.097864077669902372e+01,1.526368075703120608e-01
1.607581699346403781e+01,1.523775324797441155e-01
4.293770491803271483e+01,1.518906794131252846e-01
2.937007874015743170e+01,1.515114080374742322e-01
1.420198019801982170e+01,1.512994298864680787e-01
1.613913043478260079e+01,1.510877483120503517e-01
5.064846416382295047e+00,1.506351416858169590e-01
5.058438661710010109e+01,1.494646997157086377e-01
9.743820224719227596e+00,1.481551155000523645e-01
1.853977695167284523e+01,1.477408407179358896e-01
3.527272727272718100e+01,1.472982602690161014e-01
2.042846975088962580e+01,1.468716928072944516e-01
2.169014084507042384e+01,1.465049538527354867e-01
4.181229773462826316e+00,1.460660756933177817e-01
5.010380622837821152e-01,1.454538541291126863e-01
1.267027027027029895e+01,1.451777403914695508e-01
2.267549668874226931e+00,1.445403297944064802e-01
1.642269503546098619e+01,1.442370984443786808e-01
1.007717041800645141e+01,1.440208941800573406e-01
1.206784452296821719e+01,1.438193959348097739e-01
1.606483180428134716e+01,1.435176770328844553e-01
2.385806451612898726e+01,1.432165911074446130e-01
6.154838709677465047e+00,1.427447317595872123e-01
2.739726027397448860e-01,1.423882978362511487e-01
5.758885017421643937e+00,1.414798773547537303e-01
1.104444444444446916e+01,1.411830665319676881e-01
5.771070110701096922e+01,1.407460548928041455e-01
6.379661016949153662e+00,1.407319802873148729e-01
2.668823529411762152e+01,1.405069779184471845e-01
3.275971223021567624e+01,1.398900745526487355e-01
1.245581395348840914e+01,1.395128619565852712e-01
1.387484662576678218e+01,1.389281075420618627e-01
2.723603603603599410e+01,1.386227864155500922e-01
2.699444444444437963e+01,1.382351661538746834e-01
4.675395683453231044e+01,1.378624160065970439e-01
1.801992337164750069e+01,1.375594369413562501e-01
-6.542955326460186960e-01,1.370650886114555544e-01
1.444015444015481542e+00,1.365861754422190433e-01
-4.722580645161286839e+00,1.360953247291111223e-01
1.535104895104903200e+01,1.349568553429174034e-01
3.154639175257726436e+01,1.342837216456316818e-01
2.521360544217683142e+01,1.339886074467095678e-01
1.353355481727576937e+01,1.337743863861144966e-01
9.302052785924003198e-01,1.334136646999127263e-01
-4.599293286219076293e+00,1.329076295476223635e-01
1.280130293159612620e+01,1.325757588911224416e-01
-2.488888888888877382e+00,1.321257442681812166e-01
2.430031545741323384e+01,1.317826463984232976e-01
2.150303030303025764e+01,1.314930287914110596e-01
2.265806451612898087e+01,1.311778081770689774e-01
7.062756598240495620e+00,1.309287945285241006e-01
1.348396946564887600e+01,1.307456133137422372e-01
0.000000000000000000e+00,1.307456133137422372e-01
1.373422818791948607e+01,1.305365771539825082e-01
8.847368421052657084e+00,1.302887807484974791e-01
7.822784810126607979e+00,1.300284505872178475e-01
1.320816326530614582e+01,1.297945982136268217e-01
1.525128205128209302e+01,1.292505769440300267e-01
1.072356687898091110e+01,1.290826519724963539e-01
8.901650165016528504e+00,1.288376155400524359e-01
1.272676056338031181e+01,1.285673269351340631e-01
0.000000000000000000e+00,1.285673269351340631e-01
1.147027027027030321e+01,1.282847756085023216e-01
1.170103806228375731e+01,1.281052936151134691e-01
1.080877742946711173e+01,1.278493262819632159e-01
3.923773584905660528e+01,1.269955564296435246e-01
9.862420382165673516e+00,1.264000480794195691e-01
1.137902097902101417e+01,1.260970365724622400e-01
1.063376623376625396e+01,1.259206154236774122e-01
1.050165016501652282e+01,1.257318666599114565e-01
1.067301587301589016e+01,1.255685132681592930e-01
1.301818181818184961e+01,1.252925524089512910e-01
7.185798816568087943e+00,1.245928401522558709e-01
3.186013986014021082e+00,1.242568764404982651e-01
-4.242424242424140401e-01,1.240085986340898894e-01
4.895104895105102383e-01,1.236989488782376384e-01
2.859498207885290455e+01,1.231435264744329822e-01
1.040563380281692751e+01,1.229220564359270740e-01
-1.368152866241967081e+00,1.218084844801811811e-01
-1.650793650793646039e+00,1.215650988085386769e-01
8.640284697508913325e+01,1.210555706748358967e-01
3.146845637583888333e+01,1.207895278713824877e-01
1.484472049689443907e+01,1.204879161426244960e-01
6.219459459459432793e+01,1.195158575703385850e-01
7.489932885906087634e+00,1.190387251840211158e-01
1.301140684410648518e+01,1.188602920327601897e-01
1.083501683501685697e+01,1.186821263439524626e-01
1.297142857142862304e+01,1.182201444021068609e-01
1.502222222222223280e+01,1.180075289225725466e-01
1.651541501976283044e+01,1.177952958257731386e-01
1.140680272108845372e+01,1.176304895624705610e-01
1.046792452830191777e+01,1.173837124020393058e-01
3.631821086261976461e+01,1.169501735303797446e-01
3.793804713804710360e+01,1.166814838081837030e-01
1.529097472924176770e+01,1.161808056230799746e-01
1.080141342756187406e+01,1.158791128141818255e-01
1.373793103448279140e+01,1.155782034268690861e-01
1.670555555555555927e+01,1.153588023671354157e-01
1.631578947368419108e+01,1.150707511724453208e-01
1.420869565217382657e+01,1.145426149544289812e-01
1.223708206686932343e+01,1.143709212496418215e-01
0.000000000000000000e+00,1.143709212496418215e-01
1.783025830258301525e+01,1.141423965815654973e-01
1.997202797202795210e+01,1.139143285288888863e-01
4.786870229007625710e+01,1.135390120913475492e-01
5.696744186046502278e+01,1.131762498434098069e-01
1.519024390243902722e+01,1.129162306043471342e-01
2.690429042904287371e+01,1.124654453139473514e-01
1.722055335968368084e+01,1.120612774407814122e-01
1.525498281786942556e+01,1.118150013194701836e-01
9.940952380952441558e+01,1.111349720075522213e-01
1.809638554216867234e+01,1.109683861907102831e-01
2.675604395604385388e+01,1.104922228065251255e-01
1.194385964912282638e+01,1.103376342023106443e-01
3.385352112676051917e+01,1.101061567328346230e-01
2.133435114503815555e+01,1.098531909460251227e-01
2.143448275862067121e+01,1.095898462603355078e-01
9.882517482517510388e+00,1.093818128449278865e-01
8.621021021021064712e+00,1.090432373592111065e-01
1.986377708978326950e+01,1.088253579423871797e-01
2.739726027397448860e-01,1.085536207734443676e-01
-3.341772151898732002e+00,1.081202519370742937e-01
3.667774086378926546e-01,1.078610615256001687e-01
9.586206896551784595e+00,1.073767530443014567e-01
9.473015873015894428e+00,1.072050790314228175e-01
1.645498281786938222e+01,1.070015725981081217e-01
2.376703296703292523e+01,1.067557395057060904e-01
2.867796610169488503e+01,1.064359362415199239e-01
4.323287671232922236e+00,1.060958686402510981e-01
1.044736842105265140e+01,1.059368361896936700e-01
1.219359430604984240e+01,1.057886209829986407e-01
1.052903225806453413e+01,1.056406131427711087e-01
8.305740181268907563e+00,1.054611676998518099e-01
1.105671641791047577e+01,1.052609717176678644e-01
1.152727272727276819e+01,1.049666385387120343e-01
1.016111111111113630e+01,1.047778591026786860e-01
1.002564102564104687e+01,1.046208022831171258e-01
1.892499999999998650e+01,1.043804389433048985e-01
1.816140350877190457e+01,1.042135554390883345e-01
1.141129568106314096e+01,1.040781590737931417e-01
1.352659176029964350e+01,1.039429386182023907e-01
1.448503937007875209e+01,1.038078938437706211e-01
1.398273381294966278e+01,1.036108362564163166e-01
9.134982332155532347e+00,1.032075208052651433e-01
2.035897435897461527e+00,1.026824761983287232e-01
5.169023569023619480e+00,1.022111980143993737e-01
1.375639097744363504e+01,1.019865693293046521e-01
1.026484641638227657e+01,1.018133307938525328e-01
9.873015873015893007e+00,1.016607176553479541e-01
1.727552447552448101e+01,1.014778838215423251e-01
8.622784810126605137e+00,1.012953788090509150e-01
9.549262536873174056e+00,1.011637737980314034e-01
1.931940298507459985e+01,1.009919328965398766e-01
1.708993288590601267e+01,1.008304669376878099e-01
1.991578947368417829e+01,1.006692591307011414e-01
1.333684210526317848e+01,1.005083090628465098e-01
1.106666666666668775e+01,1.003676888561448183e-01
1.998620689655171034e+01,1.001771617788487084e-01
1.881509433962262179e+01,9.999699607699040482e-02
2.494285714285711109e+01,9.999699607699040482e-02
4.074405594405587294e+01,9.999699607699040482e-02
1.056284584980240382e+01,9.999699607699040482e-02
1.422222222222224630e+01,9.999699607699040482e-02
1.570847457627121280e+01,9.999699607699040482e-02
2.001992337164748648e+01,9.999699607699040482e-02
2.825454545454539357e+01,9.999699607699040482e-02
1.000912547528518992e+01,9.999699607699040482e-02
1.502145328719726081e+01,9.999699607699040482e-02
1.124736842105264856e+01,9.999699607699040482e-02
-2.305084745762524534e-01,9.999699607699040482e-02
1.140198019801983165e+01,9.999699607699040482e-02
3.101639344262287779e+01,9.999699607699040482e-02
1.262222222222225376e+01,9.999699607699040482e-02
1.649230769230772253e+01,9.999699607699040482e-02
1.981538461538463736e+01,9.999699607699040482e-02
1.187770700636947652e+01,9.999699607699040482e-02
6.843205574912971656e+00,9.999699607699040482e-02
1.234397394136810355e+01,9.999699607699040482e-02
3.673204633204626646e+01,9.999699607699040482e-02
1.280000000000002736e+01,9.999699607699040482e-02
1.201801801801803826e+01,9.999699607699040482e-02
7.003125000000011369e+01,9.999699607699040482e-02
3.232249134948095559e+01,9.999699607699040482e-02
2.746710963455145205e+01,9.999699607699040482e-02
1.652783505154643251e+01,9.999699607699040482e-02
1.455888501742166063e+01,9.999699607699040482e-02
2.121360544217684918e+01,9.999699607699040482e-02
2.620709219858152750e+01,9.999699607699040482e-02
1.093684210526318701e+01,9.999699607699040482e-02
5.729271523178779546e+01,9.999699607699040482e-02
5.281379310344825484e+01,9.999699607699040482e-02
6.014594594594587562e+01,9.999699607699040482e-02
6.311409395973155867e+00,9.999699607699040482e-02
5.648695652173908144e+01,9.999699607699040482e-02
3.740152671755719638e+01,9.999699607699040482e-02
1.956426116838474627e+01,9.999699607699040482e-02
5.660726072607246806e+01,9.999699607699040482e-02
1.744983818770256878e+00,9.999699607699040482e-02
3.127218045112779521e+01,9.999699607699040482e-02
9.771655629139134192e+01,9.999699607699040482e-02
1.926666666666672256e+01,9.999699607699040482e-02
2.807416413373854880e+01,9.999699607699040482e-02
3.296986301369844341e+01,9.999699607699040482e-02
4.990627062706261796e+01,9.999699607699040482e-02
1.787770700636940546e+01,9.999699607699040482e-02
-1.243243243243236318e+00,9.999699607699040482e-02
5.004641638225250944e+01,9.999699607699040482e-02
1.010101010101213115e-01,9.999699607699040482e-02
1.467973856209152927e+01,9.999699607699040482e-02
1.370592334494775422e+01,9.999699607699040482e-02
4.001832061068696333e+01,9.999699607699040482e-02
6.207235494880541182e+01,9.999699607699040482e-02
2.124556962025314988e+01,9.999699607699040482e-02
1.499562043795624433e+01,9.999699607699040482e-02
1.906666666666665222e+01,9.999699607699040482e-02
3.009900990099193541e-01,9.999699607699040482e-02
1.949090909090907786e+01,9.999699607699040482e-02
2.186853146853145802e+01,9.999699607699040482e-02
3.648301886792448556e+01,9.999699607699040482e-02
6.496551724137932027e+00,9.999699607699040482e-02
1.644864864864864273e+01,9.999699607699040482e-02
4.689230769230761098e+01,9.999699607699040482e-02
3.379498207885301753e+01,9.999699607699040482e-02
1.095639097744365031e+01,9.999699607699040482e-02
3.586666666666636871e+01,9.999699607699040482e-02
2.536149068322977129e+01,9.999699607699040482e-02
4.847898089171960834e+01,9.999699607699040482e-02
3.536722408026741249e+01,9.999699607699040482e-02
1.166792452830191351e+01,9.999699607699040482e-02
4.133333333333327175e+01,9.999699607699040482e-02
1.063941391941392851e+02,9.999699607699040482e-02
6.742857142857144659e+00,9.999699607699040482e-02
1.512941176470591387e+01,9.999699607699040482e-02
1.173049645390072904e+01,9.999699607699040482e-02
1.190828025477709673e+01,9.999699607699040482e-02
2.076470588235279990e+01,9.999699607699040482e-02
2.456986301369859760e+01,9.999699607699040482e-02
4.463030303030298285e+01,9.999699607699040482e-02
1.270460251046019273e+01,9.999699607699040482e-02
2.567119741100319530e+01,9.999699607699040482e-02
3.625454545454540778e+01,9.999699607699040482e-02
2.083976608187131419e+01,9.999699607699040482e-02
1.996666666666663659e+01,9.999699607699040482e-02
3.844290657439439940e+01,9.999699607699040482e-02
1.644615384615386589e+01,9.999699607699040482e-02
4.114285714285711038e+01,9.999699607699040482e-02
6.642253521126762372e+00,9.999699607699040482e-02
6.025000000000025224e+00,9.999699607699040482e-02
3.415104895104885685e+01,9.999699607699040482e-02
3.764755244755231445e+01,9.999699607699040482e-02
7.009900990099192652e-01,9.999699607699040482e-02
1.022857142857146862e+01,9.999699607699040482e-02
9.882517482517510388e+00,9.999699607699040482e-02
3.075614617940183848e+01,9.999699607699040482e-02
3.211914893616994959e+01,9.999699607699040482e-02
2.375434083601282964e+01,9.999699607699040482e-02
9.227246376811601181e+01,9.999699607699040482e-02
1.894610778443111343e+01,9.999699607699040482e-02
6.275820895522378606e+01,9.999699607699040482e-02
6.141587301587294689e+01,9.999699607699040482e-02
2.112897196261662103e+01,9.999699607699040482e-02
3.500066445182722674e+01,9.999699607699040482e-02
2.859649122807013910e+01,9.999699607699040482e-02
3.548196721311467883e+01,9.999699607699040482e-02
2.976867469879512385e+01,9.999699607699040482e-02
3.120260586319214013e+01,9.999699607699040482e-02
2.381656050955408688e+01,9.999699607699040482e-02
3.962352941176466459e+01,9.999699607699040482e-02
4.414505494505488059e+01,9.999699607699040482e-02
6.914160583941612970e+01,9.999699607699040482e-02
5.972307692307676774e+01,9.999699607699040482e-02
3.462206405693940070e+01,9.999699607699040482e-02
2.115264797507786909e+01,9.999699607699040482e-02
4.953409961685810714e+01,9.999699607699040482e-02
5.444641638225251512e+01,9.999699607699040482e-02
3.011461318051571467e+01,9.999699607699040482e-02
1.521257861635220365e+01,9.999699607699040482e-02
0.000000000000000000e+00,9.999699607699040482e-02
2.093977695167282604e+01,9.999699607699040482e-02
1.380685358255454354e+01,9.999699607699040482e-02
4.063157894736835374e+01,9.999699607699040482e-02
2.462053231939158948e+01,9.999699607699040482e-02
1.816231884057967960e+01,9.999699607699040482e-02
2.672222222222218235e+01,9.999699607699040482e-02
2.114186851211069040e+01,9.999699607699040482e-02
1.589078498293515196e+01,9.999699607699040482e-02
2.406228373702420598e+01,9.999699607699040482e-02
4.125190839694651146e+01,9.999699607699040482e-02
5.361196013289017515e+01,9.999699607699040482e-02
6.172456747404836364e+01,9.999699607699040482e-02
0.000000000000000000e+00,9.999699607699040482e-02
4.614969325153371926e+01,9.999699607699040482e-02
4.871826625387056353e+00,9.999699607699040482e-02
4.164518272425227963e+01,9.999699607699040482e-02
6.717437722419930424e+00,9.999699607699040482e-02
2.430340557275505375e+01,9.999699607699040482e-02
0.000000000000000000e+00,9.999699607699040482e-02
1.375231316725980157e+01,9.999699607699040482e-02
6.626315789473739670e+00,9.999699607699040482e-02
1.750000000000163647e-01,9.999699607699040482e-02
4.130268199233712068e+01,9.999699607699040482e-02
3.268044280442801153e+01,9.999699607699040482e-02
4.185242718446586707e+01,9.999699607699040482e-02
2.134275618374591676e+00,9.999699607699040482e-02
2.545657370517922757e+01,9.999699607699040482e-02
6.034095940959366544e+01,9.999699607699040482e-02
1.740132450331123692e+01,9.999699607699040482e-02
5.862857142857134107e+01,9.999699607699040482e-02
7.820895522389114118e-01,9.999699607699040482e-02
-2.962499999999984812e+00,9.999699607699040482e-02
3.161632653061221276e+01,9.999699607699040482e-02
3.974368932038831304e+01,9.999699607699040482e-02
2.744635761589389489e+01,9.999699607699040482e-02
5.007898089171962397e+01,9.999699607699040482e-02
2.318866396761129067e+01,9.999699607699040482e-02
1.982352941176518168e+00,9.999699607699040482e-02
-2.598019801980154586e+00,9.999699607699040482e-02
3.654505494505482943e+01,9.999699607699040482e-02
5.304126984126978073e+01,9.999699607699040482e-02
5.449343065693420840e+01,9.999699607699040482e-02
5.361565836298917986e+01,9.999699607699040482e-02
2.121345565749221151e+01,9.999699607699040482e-02
7.426183844011177371e+00,9.999699607699040482e-02
4.227205387205379594e+01,9.999699607699040482e-02
5.944334600760447529e+01,9.999699607699040482e-02
8.095000000000010232e+01,9.999699607699040482e-02
5.534306569343053184e+01,9.999699607699040482e-02
3.193639575971724298e+01,9.999699607699040482e-02
3.965405405405397943e+01,9.999699607699040482e-02
1.961904761904766303e+01,9.999699607699040482e-02
2.344657534246571373e+01,9.999699607699040482e-02
4.897543859649113784e+01,9.999699607699040482e-02
0.000000000000000000e+00,9.999699607699040482e-02
1.194266211604085193e+01,9.999699607699040482e-02
2.687692307692288551e+01,9.999699607699040482e-02
1.160141342756187122e+01,9.999699607699040482e-02
5.614736842105246239e+01,9.999699607699040482e-02
2.194011976047901413e+01,9.999699607699040482e-02
4.884912280701745146e+01,9.999699607699040482e-02
2.097777777777775654e+01,9.999699607699040482e-02
6.114657980456027708e+00,9.999699607699040482e-02
2.406753246753244824e+01,9.999699607699040482e-02
4.271170568561866077e+01,9.999699607699040482e-02
8.335737704918052771e+01,9.999699607699040482e-02
3.965993485342016101e+01,9.999699607699040482e-02
3.075804195804190044e+01,9.999699607699040482e-02
1.388878923766827995e+02,9.999699607699040482e-02
1.469781021897810547e+01,9.999699607699040482e-02
2.236245954692552118e+01,9.999699607699040482e-02
3.759999999999995168e+01,9.999699607699040482e-02
6.934228187919510233e+00,9.999699607699040482e-02
9.144511784511854557e+01,9.999699607699040482e-02
6.039215686274679307e-01,9.999699607699040482e-02
3.384615384615424549e+00,9.999699607699040482e-02
3.096332179930772810e+01,9.999699607699040482e-02
1.651940298507461335e+01,9.999699607699040482e-02
3.883344947735184149e+01,9.999699607699040482e-02
1.488032128514056751e+01,9.999699607699040482e-02
2.319870550161806833e+01,9.999699607699040482e-02
1.861316614420059068e+01,9.999699607699040482e-02
1.929635036496351219e+01,9.999699607699040482e-02
9.268235294117667422e+01,9.999699607699040482e-02
1.616901408450701894e+01,9.999699607699040482e-02
2.865454545454534951e+01,9.999699607699040482e-02
3.642274247491636174e+01,9.999699607699040482e-02
2.824063745019913441e+01,9.999699607699040482e-02
2.631891891891890367e+01,9.999699607699040482e-02
1.874574132492112710e+01,9.999699607699040482e-02
2.762758620689646705e+01,9.999699607699040482e-02
5.175947712418292923e+01,9.999699607699040482e-02
5.697560975609757605e+00,9.999699607699040482e-02
6.158518518518506113e+01,9.999699607699040482e-02
2.138550724637676836e+01,9.999699607699040482e-02
2.528275862068961644e+01,9.999699607699040482e-02
2.708771929824557390e+01,9.999699607699040482e-02
0.000000000000000000e+00,9.999699607699040482e-02
6.585168539325843540e+01,9.999699607699040482e-02
6.820216606498195944e+00,9.999699607699040482e-02
1.421176470588225982e+01,9.999699607699040482e-02
2.187888040712469717e+01,9.999699607699040482e-02
4.144999999999990337e+01,9.999699607699040482e-02
5.969426751592358471e+00,9.999699607699040482e-02
2.809219330855009389e+01,9.999699607699040482e-02
3.629221556886222544e+01,9.999699607699040482e-02
4.677101449275352962e+01,9.999699607699040482e-02
6.540689655172413097e+01,9.999699607699040482e-02
1.526419753086424791e+01,9.999699607699040482e-02
2.550031545741321537e+01,9.999699607699040482e-02
2.134275618374591676e+00,9.999699607699040482e-02
1.872222222222222143e+01,9.999699607699040482e-02
9.916109422492453973e+00,9.999699607699040482e-02
2.126753246753244753e+01,9.999699607699040482e-02
1.838866396761125799e+01,9.999699607699040482e-02
2.234186851211069325e+01,9.999699607699040482e-02
3.644720496894466422e+00,9.999699607699040482e-02
2.281360544217682573e+01,9.999699607699040482e-02
2.033658536585362953e+01,9.999699607699040482e-02
4.334545454545445864e+01,9.999699607699040482e-02
3.345762711864402661e+01,9.999699607699040482e-02
1.220202020202023085e+01,9.999699607699040482e-02
1.029268292682929697e+01,9.999699607699040482e-02
0.000000000000000000e+00,9.999699607699040482e-02
1.245054151624550620e+01,9.999699607699040482e-02
0.000000000000000000e+00,9.999699607699040482e-02
4.979844961240360135e+00,9.999699607699040482e-02
7.358885017421686214e+00,9.999699607699040482e-02
3.927272727272794750e+00,9.999699607699040482e-02
3.916825396825390726e+01,9.999699607699040482e-02
8.482018927444833878e+00,9.999699607699040482e-02
7.669750889679789907e+00,9.999699607699040482e-02
3.969315068493123277e+01,9.999699607699040482e-02
2.712222222222220580e+01,9.999699607699040482e-02
2.592249134948092504e+01,9.999699607699040482e-02
2.593103448275852330e+01,9.999699607699040482e-02
6.305555555555621083e+00,9.999699607699040482e-02
4.420805860805856469e+01,9.999699607699040482e-02
2.766153846153840234e+01,9.999699607699040482e-02
4.031821086261973619e+01,9.999699607699040482e-02
1.375434083601279234e+01,9.999699607699040482e-02
1.689473684210513227e+01,9.999699607699040482e-02
2.165128205128203476e+01,9.999699607699040482e-02
0.000000000000000000e+00,9.999699607699040482e-02
5.188852459016388252e+01,9.999699607699040482e-02
6.293333333333291790e+01,9.999699607699040482e-02
3.114705882352939170e+01,9.999699607699040482e-02
1.968086642599276814e+01,9.999699607699040482e-02
7.062686567164180751e+00,9.999699607699040482e-02
2.385306122448976396e+01,9.999699607699040482e-02
3.767499999999996163e+01,9.999699607699040482e-02
-8.524590163931411446e-02,9.999699607699040482e-02
2.582278481012956206e-01,9.999699607699040482e-02
-3.707317073170712352e+00,9.999699607699040482e-02
-2.044728434502229852e-02,9.999699607699040482e-02
4.048549618320592458e+01,9.999699607699040482e-02
-4.585987261144741645e-02,9.999699607699040482e-02
1.655813953488433299e+00,9.999699607699040482e-02
4.629324758842432885e+01,9.999699607699040482e-02
1.983030303030282582e+01,9.999699607699040482e-02
2.118750000000025668e+00,9.999699607699040482e-02
5.231724137931026064e+01,9.999699607699040482e-02
3.059999999999943299e+01,9.999699607699040482e-02
1.843971631205999495e-01,9.999699607699040482e-02
3.730496453900756126e+00,9.999699607699040482e-02
2.999453924914674374e+01,9.999699607699040482e-02
1.136231884057968777e+01,9.999699607699040482e-02
1.239024390243906559e+01,9.999699607699040482e-02
8.144966442953061403e+01,9.999699607699040482e-02
9.086060606060624423e+01,9.999699607699040482e-02
0.000000000000000000e+00,9.999699607699040482e-02
1.298867924528297202e+01,9.999699607699040482e-02
4.142040816326526453e+01,9.999699607699040482e-02
4.286451612903219655e+01,9.999699607699040482e-02
8.483099630996326823e+01,9.999699607699040482e-02
2.750344827586196672e+01,9.999699607699040482e-02
1.611645569620252516e+01,9.999699607699040482e-02
2.329097472924185297e+01,9.999699607699040482e-02
3.441290322580631766e+01,9.999699607699040482e-02
1.813793103448276156e+01,9.999699607699040482e-02
2.087416413373859569e+01,9.999699607699040482e-02
2.327003367003363365e+01,9.999699607699040482e-02
5.399999999999992895e+01,9.999699607699040482e-02
4.715395683453231612e+01,9.999699607699040482e-02
5.989776357827477860e+00,9.999699607699040482e-02
3.345454545454581652e+00,9.999699607699040482e-02
-5.238434163700873558e-01,9.999699607699040482e-02
4.013596837944660223e+01,9.999699607699040482e-02
2.388771929824559237e+01,9.999699607699040482e-02
1.667456445993033753e+01,9.999699607699040482e-02
6.030638297872335585e+01,9.999699607699040482e-02
6.373333333333334139e+01,9.999699607699040482e-02
4.972198581560262909e+01,9.999699607699040482e-02
5.186755852842798475e+01,9.999699607699040482e-02
3.299277108433723527e+01,9.999699607699040482e-02
4.193802816901402508e+01,9.999699607699040482e-02
4.573189964157694476e+01,9.999699607699040482e-02
2.792249134948090727e+01,9.999699607699040482e-02
9.302970297029721891e+00,9.999699607699040482e-02
4.222978723404235524e+01,9.999699607699040482e-02
5.032258064516411666e-01,9.999699607699040482e-02
4.900073800737999363e+01,9.999699607699040482e-02
4.027567567567562890e+01,9.999699607699040482e-02
1.837697841726615522e+01,9.999699607699040482e-02
2.439999999999996660e+01,9.999699607699040482e-02
2.976403785488952991e+01,9.999699607699040482e-02
2.191258278145694049e+01,9.999699607699040482e-02
6.684528301886798829e+01,9.999699607699040482e-02
6.899270072992702119e+00,9.999699607699040482e-02
3.272463768115935068e+01,9.999699607699040482e-02
-1.138263665594829943e+00,9.999699607699040482e-02
5.758083832335380237e+00,9.999699607699040482e-02
1.000877742946711457e+01,9.999699607699040482e-02
3.815894039735075438e+01,9.999699607699040482e-02
1.149158878504675307e+01,9.999699607699040482e-02
1.833178294573640699e+01,9.999699607699040482e-02
2.855280898876387852e+01,9.999699607699040482e-02
1.639024390243902829e+01,9.999699607699040482e-02
1.757985611510792623e+01,9.999699607699040482e-02
2.928275862068963775e+01,9.999699607699040482e-02
5.601302931596150003e+00,9.999699607699040482e-02
5.261227436823082115e+01,9.999699607699040482e-02
-1.953697749196130706e+00,9.999699607699040482e-02
3.208366013071889000e+01,9.999699607699040482e-02
6.217475728155386960e+00,9.999699607699040482e-02
2.812345679012340938e+01,9.999699607699040482e-02
0.000000000000000000e+00,9.999699607699040482e-02
-2.299999999999981171e+00,9.999699607699040482e-02
2.507796610169486939e+01,9.999699607699040482e-02
1.653793103448274948e+01,9.999699607699040482e-02
0.000000000000000000e+00,9.999699607699040482e-02
2.221148036253776681e+01,9.999699607699040482e-02
3.377670682730919793e+01,9.999699607699040482e-02
1.396363636363644467e+01,9.999699607699040482e-02
3.055338345864659999e+01,9.999699607699040482e-02
4.364912280701743441e+01,9.999699607699040482e-02
1.803659305993691220e+01,9.999699607699040482e-02
1.223003663003662567e+01,9.999699607699040482e-02
4.000000000000058620e+00,9.999699607699040482e-02
1.387456445993035459e+01,9.999699607699040482e-02
2.529929078014165356e+01,9.999699607699040482e-02
2.481033210332100580e+01,9.999699607699040482e-02
2.814426229508190147e+01,9.999699607699040482e-02
1.300132450331122058e+01,9.999699607699040482e-02
2.558936877076409289e+01,9.999699607699040482e-02
3.588749999999988205e+01,9.999699607699040482e-02
2.876834532374093101e+01,9.999699607699040482e-02
1.710623145400595391e+01,9.999699607699040482e-02
1.407659574468087804e+01,9.999699607699040482e-02
5.553642384105946661e+01,9.999699607699040482e-02
1.643735408560306155e+01,9.999699607699040482e-02
5.084562737642574604e+01,9.999699607699040482e-02
7.452631578947416457e+00,9.999699607699040482e-02
8.680519480519519604e+00,9.999699607699040482e-02
1.373684210526317706e+01,9.999699607699040482e-02
6.111126279863471922e+01,9.999699607699040482e-02
3.216344086021486959e+01,9.999699607699040482e-02
9.176323987538962612e+00,9.999699607699040482e-02
4.653706293706282793e+01,9.999699607699040482e-02
3.199999999999995737e+01,9.999699607699040482e-02
2.112029520295201479e+01,9.999699607699040482e-02
3.933333333333325044e+01,9.999699607699040482e-02
1.731940298507461051e+01,9.999699607699040482e-02
4.822657342657317514e+01,9.999699607699040482e-02
2.040540540540536796e+01,9.999699607699040482e-02
2.596363636363632921e+01,9.999699607699040482e-02
4.649315068493130809e+01,9.999699607699040482e-02
4.522025316455682997e+01,9.999699607699040482e-02
3.730909090909085535e+01,9.999699607699040482e-02
2.094796238244513731e+01,9.999699607699040482e-02
2.927218045112780942e+01,9.999699607699040482e-02
2.650786516853928632e+01,9.999699607699040482e-02
3.523636363636359903e+01,9.999699607699040482e-02
1.290249110320291948e+02,9.999699607699040482e-02
3.994515050167222370e+01,9.999699607699040482e-02
9.062756598240488515e+00,9.999699607699040482e-02
5.116363636363609402e+01,9.999699607699040482e-02
2.845033112582813217e+00,9.999699607699040482e-02
1.724556962025309659e+01,9.999699607699040482e-02
8.246945337620712024e+00,9.999699607699040482e-02
2.468913857677883783e+01,9.999699607699040482e-02
1.074397394136810924e+01,9.999699607699040482e-02
2.989589041095884170e+01,9.999699607699040482e-02
9.017099236641261939e+01,9.999699607699040482e-02
2.170746268656703748e+01,9.999699607699040482e-02
1.134379084967325468e+01,9.999699607699040482e-02
1.169230769230772715e+01,9.999699607699040482e-02
1.862499999999985079e+01,9.999699607699040482e-02
